date,1,2,3,4,5,6,0
2003001,26,28,11,13,10,12,11
2003002,9,4,26,21,19,20,12
2003003,23,7,28,10,1,32,16
2003004,13,4,7,25,6,10,3
2003005,4,30,17,15,31,6,16
2003006,1,10,27,26,21,3,6
2003007,23,19,9,26,1,21,7
2003008,9,8,17,23,14,5,8
2003009,30,18,9,22,5,20,9
2003010,1,17,24,8,2,13,13
2003011,12,11,30,4,5,32,15
2003012,17,2,12,16,27,30,12
2003013,23,13,8,32,17,21,12
2003014,3,21,7,31,8,5,2
2003015,25,26,4,11,32,19,13
2003016,30,33,11,17,28,31,6
2003017,25,31,18,8,5,23,6
2003018,16,20,5,19,25,28,13
2003019,12,33,13,8,16,4,9
2003020,26,25,27,32,10,7,4
2003021,15,18,30,26,25,14,1
2003022,14,2,32,11,7,12,8
2003023,20,31,22,10,26,1,2
2003024,15,2,30,17,22,7,14
2003025,27,1,14,5,13,11,12
2003026,31,26,13,8,29,15,16
2003027,17,27,11,28,14,1,15
2003028,13,32,16,20,6,28,7
2003029,15,32,7,2,26,29,10
2003030,27,23,6,13,2,14,7
2003031,32,22,17,28,11,20,1
2003032,25,27,4,29,30,11,13
2003033,27,30,20,1,7,14,10
2003034,8,25,16,23,13,14,14
2003035,10,4,5,8,11,3,8
2003036,27,24,21,7,25,28,15
2003037,14,32,26,9,18,17,7
2003038,8,7,24,5,25,27,16
2003039,5,27,24,23,3,32,3
2003040,23,14,4,5,12,6,16
2003041,17,18,24,3,2,25,11
2003042,20,5,10,15,3,7,7
2003043,20,2,8,19,10,32,13
2003044,16,33,32,9,5,2,15
2003045,3,15,17,7,32,14,3
2003046,11,10,7,8,17,26,11
2003047,3,32,17,26,33,28,16
2003048,31,28,30,20,12,10,9
2003049,24,25,13,3,6,7,15
2003050,24,23,26,2,17,8,13
2003051,13,4,17,24,27,15,1
2003052,1,30,12,13,31,23,11
2003053,20,29,19,21,28,15,13
2003054,9,2,33,21,31,5,12
2003055,28,13,16,6,31,21,16
2003056,17,8,28,29,21,26,7
2003057,25,31,18,24,30,19,16
2003058,11,32,33,16,9,28,2
2003059,6,5,3,30,18,2,4
2003060,6,28,4,17,2,21,11
2003061,28,20,32,21,5,3,2
2003062,12,6,1,20,19,32,14
2003063,8,9,33,5,14,21,11
2003064,4,30,6,15,8,12,1
2003065,30,6,15,16,17,33,11
2003066,32,20,7,3,8,24,14
2003067,13,12,31,11,27,5,10
2003068,27,9,25,32,19,33,11
2003069,16,28,19,7,11,26,11
2003070,17,2,1,18,4,19,8
2003071,11,9,33,12,14,15,11
2003072,27,3,19,6,8,11,11
2003073,21,23,14,12,2,30,13
2003074,32,12,2,22,19,27,1
2003075,17,22,31,33,16,19,11
2003076,13,18,29,20,1,16,2
2003077,24,16,12,4,22,25,6
2003078,26,23,30,12,29,7,11
2003079,23,31,22,12,26,15,4
2003080,24,28,20,9,30,25,10
2003081,1,2,29,26,30,14,7
2003082,18,30,31,7,17,19,14
2003083,28,1,18,14,3,26,1
2003084,7,17,10,2,6,33,3
2003085,19,1,4,12,11,27,14
2003086,18,30,16,5,26,12,13
2003087,5,2,4,24,28,3,13
2003088,10,21,24,3,33,22,12
2003089,26,19,21,33,27,18,16
2004001,7,2,3,25,1,10,7
2004002,12,10,31,22,30,18,11
2004003,6,3,5,26,33,17,8
2004004,29,23,19,10,25,22,9
2004005,17,9,16,13,18,11,7
2004006,12,20,23,32,18,4,6
2004007,25,12,17,28,20,4,9
2004008,1,33,32,22,10,7,13
2004009,16,10,9,24,1,22,11
2004010,19,7,14,13,8,6,15
2004011,28,13,4,1,23,30,3
2004012,31,33,7,30,1,27,8
2004013,21,29,14,12,30,32,13
2004014,7,26,11,3,20,17,12
2004015,22,23,1,5,18,3,13
2004016,30,32,4,28,8,7,5
2004017,15,31,25,12,14,5,9
2004018,5,6,28,8,2,30,6
2004019,11,24,32,23,5,10,4
2004020,22,1,31,2,28,9,4
2004021,26,5,9,27,17,11,10
2004022,30,14,10,3,20,19,6
2004023,30,14,19,1,8,17,3
2004024,25,21,13,32,23,1,6
2004025,33,10,8,29,24,7,4
2004026,28,4,10,32,18,14,15
2004027,5,32,1,9,10,18,11
2004028,10,2,1,3,5,22,12
2004029,13,32,22,24,20,9,5
2004030,26,17,1,31,9,7,5
2004031,21,24,19,6,20,3,11
2004032,2,15,8,31,11,5,13
2004033,4,9,8,20,1,19,1
2004034,2,20,7,30,13,27,14
2004035,8,30,27,32,26,2,16
2004036,2,13,26,30,18,17,1
2004037,26,4,11,17,20,3,5
2004038,29,11,25,17,16,28,7
2004039,29,25,18,16,10,26,3
2004040,7,29,21,17,19,20,11
2004041,17,25,29,22,10,8,14
2004042,6,10,21,17,13,18,2
2004043,9,10,24,21,4,22,10
2004044,12,6,7,31,32,2,5
2004045,26,1,18,27,12,28,13
2004046,15,16,23,7,32,22,14
2004047,8,27,31,11,1,7,6
2004048,29,11,8,17,9,16,9
2004049,14,11,25,12,29,16,9
2004050,19,25,6,7,21,29,2
2004051,29,10,15,9,2,3,11
2004052,15,29,17,1,14,12,9
2004053,25,4,2,9,24,3,2
2004054,9,28,11,16,14,27,11
2004055,32,25,8,19,6,29,7
2004056,20,1,30,29,25,21,2
2004057,25,23,28,5,32,21,4
2004058,12,27,1,8,31,11,12
2004059,11,23,4,26,7,19,10
2004060,27,24,28,11,3,5,15
2004061,16,23,19,13,33,20,9
2004062,1,27,25,28,29,12,13
2004063,16,7,28,13,10,27,7
2004064,18,14,15,31,20,27,4
2004065,13,14,32,29,33,27,8
2004066,23,24,25,13,5,20,3
2004067,6,1,13,32,16,7,4
2004068,31,11,24,2,13,8,15
2004069,2,20,29,22,11,15,5
2004070,21,33,30,10,22,12,6
2004071,21,3,8,16,17,29,6
2004072,33,30,15,28,8,18,14
2004073,16,7,23,28,2,13,16
2004074,19,26,6,15,5,29,13
2004075,27,7,21,18,26,28,7
2004076,17,13,3,25,5,31,7
2004077,8,10,9,26,14,16,7
2004078,4,24,21,26,10,5,5
2004079,13,30,7,14,19,17,3
2004080,20,26,24,3,23,8,16
2004081,3,24,5,32,21,27,6
2004082,24,20,29,3,30,27,15
2004083,16,33,28,14,30,27,6
2004084,21,8,4,25,1,11,14
2004085,29,11,8,32,3,30,1
2004086,19,10,27,25,13,18,1
2004087,26,8,25,3,1,7,14
2004088,19,10,22,2,24,32,14
2004089,14,25,17,28,30,20,14
2004090,1,24,20,32,18,33,12
2004091,33,13,14,30,21,9,1
2004092,28,8,1,31,13,4,2
2004093,11,33,32,14,27,20,5
2004094,9,5,10,24,25,13,8
2004095,22,19,28,32,30,27,1
2004096,16,30,4,12,1,20,15
2004097,26,31,10,29,20,19,14
2004098,13,12,26,25,3,31,3
2004099,10,22,5,33,26,21,2
2004100,8,14,33,6,9,24,15
2004101,26,2,25,9,14,19,15
2004102,32,12,9,28,3,15,1
2004103,5,2,9,21,16,3,2
2004104,17,18,11,29,24,7,5
2004105,9,21,7,23,10,30,12
2004106,26,23,15,29,28,10,12
2004107,20,18,1,8,13,12,7
2004108,27,14,28,31,8,13,12
2004109,17,8,10,6,31,30,14
2004110,19,14,20,21,31,22,11
2004111,31,26,18,20,16,11,2
2004112,21,15,9,13,33,26,6
2004113,8,32,10,25,31,23,7
2004114,9,6,22,1,17,21,1
2004115,20,33,16,30,2,31,1
2004116,14,33,3,1,5,8,3
2004117,25,3,14,24,7,1,7
2004118,12,7,30,3,4,31,15
2004119,20,25,6,18,9,33,6
2004120,7,27,8,21,32,18,10
2004121,32,30,18,7,13,16,10
2004122,31,14,11,22,3,24,15
2005001,8,27,28,23,1,7,14
2005002,9,26,28,33,20,6,14
2005003,22,12,19,31,15,9,16
2005004,8,9,1,22,23,4,3
2005005,28,9,20,26,33,5,15
2005006,31,5,2,21,4,15,16
2005007,33,7,20,17,15,23,15
2005008,33,32,11,22,27,19,11
2005009,31,2,29,22,17,27,14
2005010,18,8,11,26,25,10,1
2005011,9,13,15,30,11,22,15
2005012,6,2,22,16,31,3,5
2005013,20,7,24,19,8,16,6
2005014,32,21,19,30,13,23,5
2005015,4,9,8,16,29,17,15
2005016,12,1,30,6,16,5,15
2005017,25,10,31,27,2,6,3
2005018,23,25,22,1,6,3,6
2005019,12,6,11,19,13,22,8
2005020,20,25,19,29,14,16,5
2005021,31,24,26,30,6,2,16
2005022,10,32,8,33,12,21,4
2005023,19,20,21,10,25,15,12
2005024,9,27,14,5,31,32,13
2005025,32,7,13,10,11,1,7
2005026,6,26,14,25,12,20,7
2005027,3,1,32,6,21,4,15
2005028,9,26,25,32,22,4,10
2005029,2,14,21,22,30,27,14
2005030,9,22,28,14,5,1,5
2005031,16,20,32,10,4,23,7
2005032,19,20,15,25,5,29,3
2005033,8,7,20,12,14,19,7
2005034,28,17,5,25,32,18,9
2005035,21,28,29,30,16,12,14
2005036,26,19,31,21,12,20,15
2005037,32,7,14,24,22,12,16
2005038,28,11,27,20,7,4,16
2005039,16,21,2,19,29,18,9
2005040,30,21,24,32,12,1,13
2005041,16,23,11,29,24,2,3
2005042,30,16,27,26,11,21,15
2005043,4,5,8,7,32,6,5
2005044,18,22,6,17,16,1,9
2005045,18,7,15,10,1,20,10
2005046,16,9,22,18,24,20,5
2005047,7,5,2,3,8,27,15
2005048,16,10,6,28,7,8,2
2005049,2,3,8,27,10,25,12
2005050,2,26,32,9,20,12,13
2005051,21,14,20,3,19,6,2
2005052,1,14,17,32,2,30,1
2005053,4,7,14,29,27,10,9
2005054,29,17,13,5,18,21,14
2005055,30,5,32,22,20,33,9
2005056,19,31,27,17,12,29,9
2005057,6,5,15,10,30,31,13
2005058,6,21,26,10,25,4,10
2005059,24,7,11,18,14,29,7
2005060,33,25,9,21,12,31,13
2005061,9,24,23,14,21,5,1
2005062,2,11,23,12,7,20,7
2005063,18,30,2,13,22,11,4
2005064,18,32,30,10,27,23,8
2005065,12,16,21,17,23,22,16
2005066,2,4,10,25,28,11,5
2005067,16,26,21,3,20,12,16
2005068,33,1,25,8,13,10,13
2005069,33,7,31,24,9,21,12
2005070,4,8,26,14,16,3,4
2005071,8,16,14,12,4,22,10
2005072,20,6,24,33,10,19,11
2005073,1,9,6,8,18,20,1
2005074,29,26,6,18,9,20,9
2005075,16,18,11,13,31,14,14
2005076,4,22,28,11,25,9,13
2005077,22,17,33,24,8,32,16
2005078,15,20,32,26,3,11,11
2005079,24,28,25,3,9,20,5
2005080,14,12,32,26,27,1,16
2005081,10,2,30,26,12,4,3
2005082,7,1,19,20,11,14,12
2005083,5,16,9,3,14,30,13
2005084,1,7,15,2,20,19,3
2005085,22,14,8,13,9,20,12
2005086,24,11,7,12,27,29,12
2005087,23,15,16,8,9,26,8
2005088,24,18,3,20,7,1,7
2005089,5,26,19,31,23,20,12
2005090,9,21,25,29,1,32,3
2005091,27,12,26,15,11,1,13
2005092,8,31,19,28,26,13,10
2005093,23,6,29,25,17,4,14
2005094,33,27,3,5,9,23,3
2005095,12,28,9,29,18,21,5
2005096,26,17,4,33,5,18,4
2005097,28,10,5,27,30,23,15
2005098,33,15,12,31,22,19,1
2005099,16,13,31,10,24,22,9
2005100,4,2,31,9,14,16,3
2005101,22,9,19,21,16,24,12
2005102,14,6,5,24,2,31,12
2005103,4,18,30,16,23,7,7
2005104,4,2,23,21,30,33,9
2005105,23,15,32,4,33,30,3
2005106,13,31,1,11,24,26,13
2005107,9,25,26,24,10,20,11
2005108,12,30,29,10,3,24,6
2005109,31,3,17,15,5,13,4
2005110,25,16,19,24,7,10,9
2005111,7,29,3,19,16,15,9
2005112,30,29,4,28,12,22,16
2005113,26,18,27,22,20,15,3
2005114,15,21,10,27,7,6,6
2005115,33,18,3,12,23,30,2
2005116,15,30,14,6,8,4,10
2005117,28,22,27,6,17,32,3
2005118,15,4,9,26,12,31,16
2005119,1,20,11,18,22,7,2
2005120,18,6,1,13,32,30,14
2005121,32,31,7,25,1,20,12
2005122,32,14,1,30,4,7,9
2005123,13,18,12,25,11,17,7
2005124,5,31,6,19,33,10,11
2005125,6,31,14,18,32,28,3
2005126,13,26,19,8,25,2,9
2005127,4,25,11,23,6,14,12
2005128,14,23,29,2,4,33,15
2005129,14,20,10,27,5,33,3
2005130,25,20,15,9,3,5,16
2005131,2,12,7,10,11,24,3
2005132,18,10,4,29,27,2,15
2005133,18,14,7,1,25,16,11
2005134,4,13,26,14,30,18,1
2005135,13,1,15,5,25,21,11
2005136,27,16,5,25,14,18,13
2005137,9,23,33,25,15,3,12
2005138,3,20,5,22,11,6,13
2005139,2,33,7,23,20,32,10
2005140,4,8,12,17,7,6,7
2005141,3,16,19,5,12,8,15
2005142,7,17,10,29,22,12,5
2005143,10,17,32,3,15,20,8
2005144,15,19,14,1,27,8,9
2005145,20,28,7,3,17,8,15
2005146,7,24,11,28,19,20,2
2005147,7,28,6,15,30,27,10
2005148,3,29,15,23,24,17,13
2005149,16,11,25,23,21,32,7
2005150,14,20,18,10,3,7,2
2005151,19,4,13,12,30,11,5
2005152,12,27,14,5,21,1,3
2005153,7,4,5,21,26,29,1
2006001,28,12,15,21,19,1,3
2006002,13,28,7,21,26,16,9
2006003,16,4,5,2,6,20,12
2006004,4,8,17,27,31,28,7
2006005,19,24,20,27,3,26,11
2006006,32,22,8,26,21,23,14
2006007,32,27,33,16,18,4,7
2006008,18,28,5,3,32,9,16
2006009,26,8,5,20,30,6,6
2006010,4,29,6,19,12,27,8
2006011,31,8,5,27,7,14,11
2006012,31,9,11,33,13,27,10
2006013,16,5,1,21,6,12,11
2006014,32,33,14,29,6,26,7
2006015,29,9,32,2,3,15,3
2006016,1,7,17,23,30,13,16
2006017,31,8,33,4,32,3,2
2006018,17,26,24,14,1,13,5
2006019,22,13,32,6,26,4,7
2006020,26,21,23,5,29,9,6
2006021,21,22,1,2,20,5,9
2006022,4,3,16,13,27,2,13
2006023,13,14,4,19,23,28,8
2006024,2,11,27,9,7,21,6
2006025,24,3,17,4,19,32,5
2006026,2,1,32,29,22,18,3
2006027,27,6,8,11,16,14,15
2006028,14,7,27,16,17,5,4
2006029,4,14,3,7,19,9,8
2006030,32,20,15,8,13,17,14
2006031,16,32,3,10,31,12,14
2006032,24,20,26,18,5,31,9
2006033,15,23,27,31,22,20,6
2006034,33,16,10,2,17,15,13
2006035,3,29,9,13,21,27,13
2006036,10,7,4,17,16,21,9
2006037,32,25,12,2,24,23,14
2006038,19,2,17,30,22,14,10
2006039,19,31,32,16,28,22,3
2006040,25,15,26,28,33,22,3
2006041,28,18,16,21,10,3,4
2006042,26,3,28,16,31,23,11
2006043,32,16,12,13,5,23,3
2006044,10,21,2,18,30,31,5
2006045,21,7,6,20,10,14,4
2006046,32,18,29,31,13,23,8
2006047,17,32,2,20,28,22,3
2006048,19,29,32,25,9,13,12
2006049,10,12,20,6,17,13,3
2006050,15,31,25,12,6,2,7
2006051,30,27,2,7,17,6,16
2006052,27,32,26,24,30,11,3
2006053,28,31,17,1,27,11,2
2006054,3,10,7,5,28,30,4
2006055,4,31,28,5,29,33,11
2006056,13,25,21,11,23,15,8
2006057,18,3,17,4,21,31,8
2006058,12,24,22,1,25,23,14
2006059,17,27,29,10,5,15,11
2006060,30,19,15,32,5,23,14
2006061,19,25,5,30,13,17,11
2006062,30,18,24,26,22,23,1
2006063,23,24,15,21,4,5,8
2006064,28,3,12,24,21,14,11
2006065,8,30,29,17,28,4,13
2006066,18,33,11,6,30,8,5
2006067,8,7,16,11,24,17,13
2006068,10,30,14,33,3,7,10
2006069,20,16,29,30,22,5,8
2006070,13,20,3,11,2,27,2
2006071,29,31,19,11,5,12,1
2006072,20,21,3,2,5,24,8
2006073,16,13,18,29,5,27,12
2006074,19,3,33,1,25,15,4
2006075,22,23,21,25,10,33,11
2006076,32,29,17,21,4,10,14
2006077,19,13,9,12,8,33,9
2006078,5,22,17,33,31,3,12
2006079,11,6,20,17,13,32,8
2006080,26,22,15,29,17,20,9
2006081,14,18,21,16,22,32,4
2006082,15,3,13,28,29,23,9
2006083,18,29,9,19,26,7,10
2006084,12,17,21,25,28,1,12
2006085,18,6,21,24,25,2,8
2006086,6,10,4,31,26,24,6
2006087,9,12,8,4,30,5,5
2006088,25,3,11,24,20,26,1
2006089,1,16,22,13,18,19,1
2006090,20,2,11,15,23,29,11
2006091,8,12,22,7,24,21,7
2006092,8,2,20,21,16,11,14
2006093,16,19,12,23,18,2,5
2006094,17,18,33,16,24,15,13
2006095,29,17,3,20,21,1,16
2006096,33,9,18,13,5,1,14
2006097,11,20,14,15,26,27,12
2006098,10,6,7,11,18,23,16
2006099,12,24,27,18,9,23,5
2006100,32,30,26,18,1,11,3
2006101,12,9,27,26,28,20,16
2006102,19,20,24,13,1,4,11
2006103,28,12,31,25,14,15,6
2006104,7,3,22,28,31,27,11
2006105,15,14,31,5,12,20,1
2006106,2,28,12,19,14,33,10
2006107,30,13,8,1,17,6,7
2006108,8,6,30,24,2,20,9
2006109,5,18,17,1,26,23,13
2006110,14,33,18,12,9,27,13
2006111,11,8,22,1,17,16,15
2006112,13,33,31,15,4,9,11
2006113,14,18,28,5,33,17,2
2006114,29,27,8,20,14,10,16
2006115,1,29,26,20,28,10,15
2006116,33,21,32,22,5,16,9
2006117,20,22,23,26,14,6,9
2006118,1,7,8,3,30,10,5
2006119,1,20,30,27,2,14,2
2006120,8,15,6,24,33,14,9
2006121,4,3,6,33,31,27,6
2006122,24,6,5,22,8,4,3
2006123,20,2,25,3,28,32,6
2006124,31,18,13,32,14,12,13
2006125,19,33,32,30,23,15,6
2006126,2,16,24,33,8,13,9
2006127,11,3,17,19,4,30,1
2006128,30,21,33,15,31,4,5
2006129,29,18,22,14,27,9,12
2006130,12,32,30,22,1,21,2
2006131,4,9,26,33,3,22,1
2006132,26,33,14,6,30,22,1
2006133,29,4,20,31,25,6,3
2006134,13,30,28,26,18,10,12
2006135,23,19,4,22,21,31,4
2006136,15,24,22,21,11,17,5
2006137,14,31,27,10,17,21,9
2006138,4,11,9,26,17,18,8
2006139,7,8,14,23,21,25,5
2006140,23,8,18,1,19,11,5
2006141,25,31,22,18,16,23,11
2006142,27,10,26,22,16,19,16
2006143,29,1,15,31,32,20,8
2006144,22,4,29,13,10,16,6
2006145,2,7,23,31,26,28,7
2006146,28,23,30,9,3,13,5
2006147,1,17,31,15,27,4,1
2006148,8,12,13,23,29,4,1
2006149,5,2,15,32,11,3,15
2006150,27,25,9,18,8,12,12
2006151,4,22,3,6,16,1,8
2006152,1,20,25,31,14,27,15
2006153,30,33,1,20,11,7,10
2006154,7,18,14,30,20,33,13
2007001,26,2,20,10,9,4,14
2007002,22,20,6,14,21,5,1
2007003,5,22,9,27,11,12,15
2007004,25,3,33,7,10,13,10
2007005,6,24,16,1,5,30,12
2007006,27,14,6,22,26,10,11
2007007,32,15,4,17,22,12,14
2007008,4,25,18,5,19,1,10
2007009,15,4,27,2,25,14,15
2007010,32,30,17,8,14,3,5
2007011,3,33,25,28,15,10,16
2007012,5,3,28,21,26,7,4
2007013,5,32,27,15,29,18,5
2007014,24,13,16,1,20,26,9
2007015,4,30,3,22,18,8,15
2007016,18,1,22,20,26,33,5
2007017,25,9,24,10,5,32,14
2007018,26,21,20,1,12,18,11
2007019,23,11,31,4,29,16,14
2007020,20,5,31,10,28,16,14
2007021,11,25,3,6,31,9,13
2007022,7,10,27,2,18,4,10
2007023,13,33,3,7,17,32,2
2007024,27,25,9,17,32,8,6
2007025,18,26,3,22,16,23,3
2007026,16,4,29,14,26,1,10
2007027,24,22,3,9,27,2,11
2007028,3,20,13,30,8,29,11
2007029,19,6,8,21,11,9,10
2007030,30,16,27,22,3,21,4
2007031,4,19,12,6,31,10,1
2007032,8,16,32,24,4,30,16
2007033,18,4,3,17,11,28,9
2007034,14,2,9,12,25,23,16
2007035,31,1,29,12,8,4,6
2007036,3,21,23,14,30,31,10
2007037,23,10,11,31,16,33,16
2007038,11,30,21,3,14,19,5
2007039,27,24,7,6,29,19,1
2007040,19,30,14,13,24,15,10
2007041,3,9,31,26,1,11,12
2007042,19,3,32,16,13,33,8
2007043,3,30,10,14,11,8,5
2007044,9,24,21,20,13,32,8
2007045,28,12,30,21,18,1,10
2007046,6,19,26,9,7,2,14
2007047,4,23,16,2,18,30,6
2007048,2,12,11,17,28,15,12
2007049,4,33,19,31,14,18,2
2007050,25,13,18,5,1,8,2
2007051,14,33,3,27,26,16,13
2007052,3,2,8,7,26,29,7
2007053,13,17,18,16,27,10,11
2007054,28,16,18,23,3,1,5
2007055,28,29,22,2,6,11,2
2007056,32,21,31,14,17,29,12
2007057,19,11,18,20,21,5,9
2007058,25,8,10,7,13,27,7
2007059,4,1,3,6,29,7,14
2007060,29,8,19,1,2,16,5
2007061,7,11,20,6,23,1,5
2007062,30,8,17,20,33,29,9
2007063,15,28,24,17,10,26,12
2007064,21,9,2,23,6,16,16
2007065,21,19,31,25,7,4,7
2007066,32,33,11,24,16,5,8
2007067,11,13,23,6,21,17,11
2007068,23,18,19,11,28,22,1
2007069,32,12,4,3,14,11,12
2007070,18,30,15,6,17,8,12
2007071,1,14,21,31,6,30,9
2007072,4,13,14,33,2,8,16
2007073,11,28,5,31,9,19,2
2007074,28,13,27,25,15,8,3
2007075,17,22,32,13,16,30,3
2007076,6,16,15,12,20,31,2
2007077,14,28,6,8,21,29,2
2007078,7,23,4,6,25,32,1
2007079,20,25,3,14,21,4,14
2007080,18,8,29,16,1,19,4
2007081,24,33,19,15,9,14,13
2007082,32,17,5,15,25,18,15
2007083,14,21,11,18,26,20,5
2007084,14,20,12,6,27,10,10
2007085,30,2,29,19,17,12,12
2007086,8,5,29,27,22,14,16
2007087,21,3,5,4,8,1,9
2007088,28,2,33,4,10,29,6
2007089,19,28,8,7,3,15,3
2007090,30,31,27,5,13,11,2
2007091,30,11,32,17,31,2,7
2007092,24,14,23,18,22,33,9
2007093,13,5,10,19,29,15,2
2007094,19,3,24,18,5,32,2
2007095,8,6,32,18,1,29,7
2007096,32,22,10,9,20,30,8
2007097,4,13,26,18,30,8,11
2007098,3,2,19,11,5,20,12
2007099,31,3,33,4,27,14,5
2007100,18,27,29,30,32,8,6
2007101,18,16,15,22,30,21,14
2007102,18,8,33,6,4,20,11
2007103,25,7,27,32,30,9,1
2007104,20,8,12,14,32,2,4
2007105,17,7,10,29,23,2,14
2007106,12,18,21,24,25,29,8
2007107,28,9,8,2,24,18,10
2007108,33,12,7,20,13,3,2
2007109,1,7,14,13,4,8,4
2007110,7,4,15,28,2,24,3
2007111,17,9,12,13,2,10,11
2007112,16,7,32,14,25,11,11
2007113,18,23,31,25,26,4,10
2007114,27,12,15,5,33,24,5
2007115,16,20,1,26,10,5,2
2007116,11,5,7,27,17,3,13
2007117,32,7,26,10,9,3,1
2007118,32,18,4,25,16,10,15
2007119,31,8,25,3,11,13,12
2007120,12,7,18,11,6,25,1
2007121,21,3,28,22,10,27,6
2007122,7,4,32,24,26,19,9
2007123,28,1,23,13,15,32,2
2007124,19,3,32,7,13,16,16
2007125,5,33,3,27,18,20,1
2007126,31,26,10,19,9,23,9
2007127,28,13,9,24,16,6,11
2007128,27,21,31,19,10,9,5
2007129,7,20,22,21,5,30,8
2007130,5,9,31,27,3,11,4
2007131,5,22,7,3,27,16,5
2007132,22,23,1,21,9,16,5
2007133,6,33,13,11,7,3,10
2007134,1,10,4,18,13,25,15
2007135,11,16,1,31,33,26,16
2007136,25,1,18,2,21,29,14
2007137,20,8,22,7,18,3,3
2007138,25,17,19,3,2,15,16
2007139,6,16,14,10,22,12,6
2007140,1,5,22,26,16,21,11
2007141,3,31,6,2,17,4,8
2007142,30,25,20,26,11,27,8
2007143,24,26,22,1,23,6,4
2007144,8,28,14,32,25,23,16
2007145,31,11,25,9,8,12,11
2007146,18,4,30,24,22,26,9
2007147,24,26,18,7,3,27,4
2007148,28,3,17,16,23,9,7
2007149,1,19,30,28,17,22,3
2007150,13,11,3,5,24,19,5
2007151,11,23,6,25,10,1,2
2007152,30,17,21,29,11,33,8
2007153,4,1,31,20,19,25,15
2008001,14,29,4,9,7,2,3
2008002,4,18,22,25,3,29,9
2008003,17,8,6,13,11,19,12
2008004,29,27,8,4,23,22,8
2008005,3,24,25,22,15,5,15
2008006,18,27,14,22,16,1,14
2008007,30,22,13,17,23,1,11
2008008,2,16,27,15,23,26,7
2008009,21,31,32,9,30,29,16
2008010,3,8,27,17,21,11,9
2008011,17,14,30,21,32,2,3
2008012,20,5,3,16,4,30,13
2008013,28,8,2,15,16,22,10
2008014,11,31,3,21,17,9,14
2008015,33,8,6,29,11,16,3
2008016,14,3,21,29,12,33,13
2008017,20,22,2,7,17,5,2
2008018,33,23,6,5,2,26,13
2008019,31,9,11,2,17,27,5
2008020,28,30,15,10,3,13,3
2008021,12,26,20,28,19,9,15
2008022,28,24,32,12,20,18,5
2008023,18,25,32,8,16,26,2
2008024,28,20,26,30,11,21,13
2008025,17,8,21,19,16,18,14
2008026,5,29,17,19,32,27,3
2008027,18,23,24,26,19,15,13
2008028,26,1,32,29,13,21,10
2008029,9,1,14,22,29,32,12
2008030,15,28,18,19,20,6,11
2008031,6,31,21,3,11,15,13
2008032,14,21,28,16,23,5,13
2008033,18,30,33,12,17,31,4
2008034,3,29,5,9,21,11,9
2008035,18,7,29,14,11,17,16
2008036,18,2,28,23,6,13,16
2008037,1,22,12,31,24,28,6
2008038,10,3,9,11,19,15,13
2008039,7,13,1,10,22,29,1
2008040,25,22,27,6,28,13,9
2008041,27,22,20,23,11,8,4
2008042,12,9,24,4,3,11,1
2008043,33,16,22,10,27,3,14
2008044,26,9,29,5,20,7,9
2008045,21,10,32,13,1,29,4
2008046,16,18,28,24,33,15,15
2008047,14,22,13,12,9,20,10
2008048,30,27,32,11,21,18,1
2008049,13,3,10,25,12,19,4
2008050,27,11,1,26,19,24,3
2008051,4,8,1,13,10,33,11
2008052,31,2,29,23,10,17,10
2008053,21,12,19,20,6,27,4
2008054,2,16,17,25,6,20,7
2008055,26,16,23,11,19,31,4
2008056,8,30,22,23,13,25,7
2008057,26,19,21,30,20,28,8
2008058,27,21,12,31,1,29,11
2008059,6,15,2,32,29,31,16
2008060,32,30,6,8,17,7,3
2008061,2,5,12,1,31,26,6
2008062,17,24,27,6,13,8,15
2008063,14,9,5,17,11,16,15
2008064,1,12,7,2,9,18,12
2008065,13,30,19,31,15,5,5
2008066,7,21,22,30,12,29,8
2008067,19,11,10,26,33,15,13
2008068,5,23,29,17,7,27,7
2008069,8,5,26,17,20,30,10
2008070,12,33,6,15,18,5,13
2008071,21,1,26,27,6,28,9
2008072,18,1,5,22,10,30,9
2008073,22,13,28,33,9,1,8
2008074,24,19,15,11,20,1,9
2008075,18,22,1,14,30,8,3
2008076,18,11,5,13,7,2,11
2008077,30,26,4,12,33,22,9
2008078,13,30,16,26,33,6,1
2008079,32,5,20,4,3,10,9
2008080,14,4,25,29,22,32,14
2008081,25,31,18,13,12,2,4
2008082,8,4,26,21,10,12,9
2008083,9,29,7,8,18,32,9
2008084,20,13,4,30,7,29,16
2008085,24,1,20,12,4,29,15
2008086,27,10,26,30,4,5,12
2008087,30,1,29,31,7,26,6
2008088,6,17,8,23,16,1,5
2008089,22,27,3,16,11,6,11
2008090,14,19,2,24,18,7,1
2008091,31,23,3,12,14,32,10
2008092,28,27,30,18,3,1,5
2008093,26,16,4,10,12,28,7
2008094,28,1,15,23,16,4,14
2008095,8,14,21,29,28,3,3
2008096,8,6,27,24,12,31,14
2008097,6,16,17,3,8,9,13
2008098,11,10,6,7,15,30,1
2008099,24,23,22,15,16,10,7
2008100,8,14,21,28,27,17,14
2008101,26,17,21,30,9,28,4
2008102,7,32,3,25,12,21,5
2008103,22,12,33,16,1,18,4
2008104,31,24,3,6,8,17,1
2008105,27,19,5,17,28,32,2
2008106,27,29,30,14,25,19,15
2008107,13,22,32,18,27,6,4
2008108,30,15,9,23,17,10,12
2008109,28,7,4,16,21,9,10
2008110,16,22,10,29,23,31,2
2008111,21,18,17,31,25,32,6
2008112,19,14,13,23,22,5,6
2008113,6,10,22,9,12,17,9
2008114,24,25,4,9,20,31,14
2008115,18,13,17,2,12,14,6
2008116,3,21,24,22,29,7,14
2008117,3,33,5,7,10,14,7
2008118,27,4,31,33,9,16,1
2008119,9,5,7,29,24,15,7
2008120,11,24,33,22,10,26,2
2008121,27,2,22,31,23,32,6
2008122,14,19,8,11,2,26,15
2008123,10,16,15,29,25,11,2
2008124,22,7,21,10,13,1,3
2008125,15,26,11,29,10,12,9
2008126,20,4,14,12,11,30,13
2008127,5,8,30,22,19,27,13
2008128,1,33,27,5,19,20,5
2008129,1,24,18,32,3,25,15
2008130,18,32,28,30,1,12,6
2008131,32,2,22,18,12,15,8
2008132,16,13,33,25,27,9,8
2008133,26,24,8,19,11,16,11
2008134,32,20,19,10,15,28,2
2008135,21,15,16,14,5,19,15
2008136,18,10,28,5,9,12,2
2008137,4,29,1,33,24,28,9
2008138,32,25,19,7,14,23,4
2008139,19,8,23,25,9,26,7
2008140,30,16,7,31,29,14,14
2008141,25,13,3,20,29,33,15
2008142,5,13,17,6,28,10,15
2008143,18,26,19,12,17,27,6
2008144,5,10,29,27,33,2,15
2008145,22,29,18,13,7,26,2
2008146,7,19,31,32,17,8,10
2008147,33,22,8,26,7,14,2
2008148,22,9,26,5,28,3,9
2008149,14,29,28,33,22,10,2
2008150,22,24,32,4,29,19,2
2008151,10,17,8,14,6,19,6
2008152,30,22,4,26,1,6,8
2008153,30,18,24,1,21,4,16
2008154,21,2,5,22,7,26,8
2009001,4,24,21,31,23,30,4
2009002,29,33,10,25,17,14,14
2009003,3,25,15,30,6,2,2
2009004,28,3,13,17,31,11,3
2009005,15,1,17,8,21,3,13
2009006,6,12,33,26,18,20,2
2009007,25,1,26,12,23,5,15
2009008,4,33,22,15,16,32,2
2009009,30,31,33,8,21,15,2
2009010,17,19,3,20,10,24,2
2009011,18,23,4,14,2,13,15
2009012,14,17,5,11,18,28,1
2009013,8,21,9,4,27,26,9
2009014,3,15,14,6,18,9,2
2009015,15,4,32,17,6,2,5
2009016,13,16,2,7,33,20,3
2009017,26,15,25,14,19,6,8
2009018,5,6,30,27,19,2,15
2009019,26,17,19,27,6,20,4
2009020,7,3,19,10,23,5,13
2009021,24,5,17,1,4,27,9
2009022,11,10,9,18,8,5,8
2009023,1,15,7,24,6,30,8
2009024,30,33,1,23,3,17,12
2009025,20,26,23,22,10,33,11
2009026,20,17,11,18,15,30,16
2009027,27,7,16,32,2,11,6
2009028,3,15,6,23,12,26,10
2009029,15,13,23,22,29,12,13
2009030,26,32,24,14,28,8,7
2009031,3,1,30,2,33,15,1
2009032,9,12,11,27,32,19,6
2009033,8,13,7,30,14,29,6
2009034,21,18,26,12,22,9,7
2009035,29,26,31,15,6,21,5
2009036,33,6,9,23,32,18,7
2009037,18,20,15,6,31,2,3
2009038,13,12,23,28,15,32,5
2009039,27,12,14,15,21,5,3
2009040,4,7,26,10,30,20,12
2009041,28,23,26,1,8,33,8
2009042,8,30,22,23,16,27,11
2009043,26,10,18,4,15,9,7
2009044,30,11,18,26,16,14,1
2009045,32,4,30,23,3,6,1
2009046,21,16,20,29,26,30,9
2009047,11,6,22,21,15,8,16
2009048,7,17,11,15,3,31,1
2009049,30,12,14,9,20,31,6
2009050,24,30,29,21,13,32,4
2009051,10,16,23,6,13,21,7
2009052,11,15,21,30,9,19,8
2009053,19,28,12,7,22,18,4
2009054,26,32,23,17,31,16,11
2009055,29,24,4,3,22,18,11
2009056,10,32,4,29,18,9,8
2009057,10,25,7,5,14,17,11
2009058,8,10,23,5,26,15,9
2009059,3,7,27,23,30,13,11
2009060,13,17,7,26,32,33,4
2009061,16,13,11,19,10,30,3
2009062,21,32,20,23,10,19,10
2009063,5,32,30,11,26,2,16
2009064,23,28,2,14,1,29,15
2009065,33,8,30,22,20,12,2
2009066,19,24,15,2,31,32,4
2009067,4,10,30,28,16,23,5
2009068,11,30,20,25,6,18,5
2009069,12,23,3,18,21,5,2
2009070,10,9,2,31,21,1,10
2009071,26,4,5,32,31,23,6
2009072,20,12,21,29,3,1,4
2009073,16,9,18,27,17,22,14
2009074,28,10,23,19,5,16,13
2009075,13,20,1,30,17,15,5
2009076,28,31,18,9,25,19,6
2009077,32,1,9,14,28,16,16
2009078,12,5,7,14,15,20,13
2009079,2,9,16,30,21,31,13
2009080,25,32,13,33,1,11,6
2009081,4,30,6,25,29,5,3
2009082,15,11,18,21,27,29,2
2009083,18,24,8,2,28,12,4
2009084,9,20,32,33,11,4,13
2009085,20,4,12,17,8,30,3
2009086,32,12,23,18,11,13,11
2009087,13,11,6,28,20,32,6
2009088,7,15,4,11,17,16,2
2009089,2,32,19,7,11,3,4
2009090,14,20,23,9,30,7,14
2009091,14,8,25,11,3,29,4
2009092,14,31,6,2,7,18,8
2009093,32,1,20,33,31,11,1
2009094,3,16,22,33,25,26,14
2009095,14,28,33,9,8,31,15
2009096,26,32,33,1,31,27,3
2009097,28,13,32,26,24,7,14
2009098,23,15,30,14,20,3,2
2009099,25,20,8,18,9,29,9
2009100,30,11,2,17,27,33,11
2009101,1,10,24,2,5,19,14
2009102,7,31,5,14,8,3,10
2009103,24,23,11,20,17,6,9
2009104,20,32,30,29,22,26,16
2009105,10,16,2,27,30,8,15
2009106,20,18,15,29,1,2,4
2009107,7,28,23,8,20,29,5
2009108,33,4,10,17,28,32,2
2009109,14,7,5,6,25,28,1
2009110,13,4,15,10,30,19,14
2009111,25,4,15,14,7,2,15
2009112,30,24,7,32,18,6,9
2009113,20,25,28,12,29,4,16
2009114,3,12,31,32,11,5,11
2009115,2,15,19,24,9,13,3
2009116,17,27,21,25,32,5,14
2009117,9,5,21,15,31,26,13
2009118,27,26,25,12,31,16,5
2009119,10,12,7,6,15,21,5
2009120,1,2,8,12,30,16,16
2009121,6,2,30,10,4,25,9
2009122,27,32,14,16,29,7,1
2009123,20,13,22,25,28,9,14
2009124,30,23,28,4,3,22,10
2009125,22,26,27,7,6,8,12
2009126,10,6,3,19,23,5,15
2009127,2,12,11,16,14,15,4
2009128,5,15,26,8,32,16,1
2009129,6,25,16,17,7,24,7
2009130,30,7,13,3,2,12,11
2009131,32,25,26,33,23,16,5
2009132,15,30,4,23,21,14,7
2009133,13,5,9,32,20,18,1
2009134,5,15,28,33,12,3,6
2009135,30,14,1,3,33,19,16
2009136,30,1,33,22,14,4,1
2009137,17,14,21,8,15,12,1
2009138,14,33,7,4,26,32,14
2009139,29,27,17,5,1,15,2
2009140,11,33,4,22,18,5,12
2009141,31,29,13,21,2,28,9
2009142,20,15,19,24,11,7,13
2009143,9,28,23,5,11,17,10
2009144,17,5,18,1,29,10,12
2009145,11,33,26,3,5,15,11
2009146,16,9,20,22,33,3,15
2009147,8,6,32,10,22,18,16
2009148,15,29,32,22,6,12,10
2009149,16,18,3,29,22,1,4
2009150,7,20,4,16,6,19,4
2009151,6,25,10,30,8,16,14
2009152,27,21,3,19,4,28,5
2009153,25,7,8,6,20,21,10
2009154,12,18,14,25,1,7,16
2010001,27,32,29,7,17,18,13
2010002,7,30,6,33,23,3,13
2010003,14,27,22,28,26,31,4
2010004,28,16,13,12,23,1,7
2010005,18,17,5,8,6,3,14
2010006,13,14,3,5,7,18,5
2010007,22,33,28,14,30,27,14
2010008,5,13,15,7,30,18,14
2010009,21,13,9,24,32,1,6
2010010,26,8,12,15,7,22,8
2010011,8,7,30,24,14,22,7
2010012,25,13,14,8,33,2,10
2010013,3,2,16,1,18,23,12
2010014,1,3,26,7,28,14,2
2010015,21,23,28,16,4,1,6
2010016,10,33,30,12,8,2,16
2010017,6,1,23,12,11,3,11
2010018,29,11,32,30,33,28,2
2010019,27,24,2,22,26,10,6
2010020,24,14,22,5,6,26,9
2010021,19,25,17,9,16,2,4
2010022,32,29,31,18,2,1,2
2010023,11,2,9,22,24,27,11
2010024,7,26,31,29,27,16,14
2010025,5,7,13,4,25,10,11
2010026,22,2,4,19,8,5,12
2010027,15,25,3,4,30,26,13
2010028,12,6,3,32,16,1,12
2010029,5,1,16,14,22,17,3
2010030,6,25,3,31,10,16,5
2010031,7,25,5,13,28,24,4
2010032,28,18,21,29,8,33,8
2010033,8,12,11,25,29,10,9
2010034,25,22,11,13,6,32,12
2010035,21,18,10,9,11,19,10
2010036,29,28,6,14,30,13,8
2010037,3,19,21,16,24,26,6
2010038,1,16,6,7,11,13,1
2010039,8,25,17,32,23,21,12
2010040,24,25,19,32,30,12,11
2010041,3,29,25,13,5,19,12
2010042,32,11,20,31,3,6,10
2010043,19,22,33,10,4,28,4
2010044,3,9,27,23,31,21,5
2010045,20,2,13,29,3,4,1
2010046,23,21,12,32,11,27,5
2010047,13,20,32,21,3,10,15
2010048,23,8,6,1,33,10,2
2010049,6,10,27,1,28,26,2
2010050,30,7,28,22,26,21,11
2010051,28,27,17,23,32,4,3
2010052,1,2,29,27,19,23,10
2010053,28,24,27,30,3,22,14
2010054,8,1,12,25,14,6,6
2010055,13,20,3,2,19,23,8
2010056,32,13,3,1,2,8,7
2010057,12,25,11,5,32,19,5
2010058,4,19,11,1,17,29,12
2010059,18,1,11,12,9,30,10
2010060,27,18,15,1,22,8,9
2010061,2,22,4,26,19,16,12
2010062,20,11,15,31,13,33,3
2010063,6,2,23,17,24,10,3
2010064,26,8,30,31,14,25,11
2010065,32,30,17,2,8,7,12
2010066,1,3,21,22,31,32,7
2010067,1,14,21,7,10,25,1
2010068,13,20,18,23,3,28,13
2010069,14,32,24,22,12,20,11
2010070,13,33,8,27,31,23,7
2010071,14,13,26,5,20,17,1
2010072,31,30,22,23,6,8,1
2010073,16,23,20,1,27,31,2
2010074,18,17,19,10,2,29,15
2010075,22,5,13,9,15,12,14
2010076,1,31,32,12,29,14,15
2010077,21,8,14,20,24,2,9
2010078,3,11,17,23,9,1,12
2010079,18,14,11,22,8,12,2
2010080,14,10,16,13,8,23,16
2010081,24,27,3,2,26,9,5
2010082,13,31,8,1,27,14,2
2010083,20,2,22,23,31,21,12
2010084,2,18,10,20,30,14,3
2010085,27,12,24,1,13,8,8
2010086,31,5,29,28,21,30,8
2010087,8,25,1,16,30,17,10
2010088,6,27,23,15,30,5,12
2010089,23,8,16,26,7,9,1
2010090,15,6,1,31,25,10,14
2010091,13,20,24,22,16,6,16
2010092,3,13,28,19,30,27,2
2010093,33,28,10,32,9,19,6
2010094,27,32,31,7,3,5,10
2010095,27,11,9,25,17,16,14
2010096,7,12,21,24,28,23,3
2010097,18,16,24,26,21,10,1
2010098,1,16,29,33,8,3,7
2010099,30,24,27,3,4,17,6
2010100,23,6,12,22,1,26,8
2010101,18,26,25,4,9,21,6
2010102,4,20,11,16,22,29,10
2010103,20,33,9,6,14,17,9
2010104,17,23,27,32,24,7,2
2010105,19,8,21,1,9,31,11
2010106,26,15,29,8,6,2,16
2010107,8,15,22,12,17,33,16
2010108,4,23,24,20,8,2,7
2010109,25,18,32,15,29,4,15
2010110,3,1,24,12,26,27,1
2010111,17,4,18,7,8,13,10
2010112,8,1,24,18,30,29,16
2010113,5,18,20,15,28,10,10
2010114,1,17,15,25,8,11,1
2010115,22,1,24,29,33,25,15
2010116,26,10,22,20,5,9,7
2010117,8,24,28,1,22,20,1
2010118,8,5,15,13,11,25,5
2010119,31,25,27,30,17,7,9
2010120,10,6,29,1,5,2,16
2010121,8,30,18,13,25,11,15
2010122,12,16,25,27,9,2,6
2010123,18,29,6,32,12,15,10
2010124,6,8,12,11,25,2,2
2010125,23,28,7,13,6,29,9
2010126,28,3,13,18,27,20,5
2010127,17,4,25,8,33,1,1
2010128,28,4,24,19,11,20,12
2010129,32,14,4,8,28,25,16
2010130,31,7,2,1,15,21,16
2010131,15,16,6,26,5,19,6
2010132,12,10,2,33,18,24,15
2010133,32,17,9,3,21,26,1
2010134,27,16,15,22,28,9,6
2010135,4,10,13,26,30,25,10
2010136,26,10,24,4,33,23,10
2010137,33,13,9,19,10,7,6
2010138,1,26,24,23,30,21,5
2010139,26,18,11,31,20,13,9
2010140,29,18,1,12,26,13,15
2010141,23,3,7,2,27,18,6
2010142,2,16,26,27,23,18,10
2010143,16,30,9,18,26,31,14
2010144,21,15,19,2,3,8,11
2010145,27,3,31,24,21,28,8
2010146,22,25,18,32,17,1,1
2010147,8,30,18,24,2,15,3
2010148,18,23,7,3,27,1,12
2010149,7,25,16,2,8,30,9
2010150,18,30,17,23,2,29,6
2010151,2,13,14,17,19,26,14
2010152,21,4,9,17,25,31,1
2010153,6,30,19,3,12,31,13
2011001,26,3,32,9,24,20,10
2011002,28,6,17,12,8,33,5
2011003,27,13,21,14,22,23,4
2011004,13,6,26,10,8,4,5
2011005,9,12,14,20,22,6,13
2011006,1,13,18,3,5,16,5
2011007,9,17,1,24,31,26,5
2011008,31,24,10,12,13,17,15
2011009,17,18,26,23,25,24,4
2011010,15,9,1,19,4,5,13
2011011,18,19,24,12,1,21,10
2011012,11,26,7,13,8,15,13
2011013,3,22,1,13,16,21,8
2011014,26,7,23,5,11,10,16
2011015,26,29,3,13,6,27,7
2011016,17,16,22,3,4,29,13
2011017,23,6,26,33,15,2,8
2011018,15,28,30,13,33,18,1
2011019,12,19,32,2,4,33,16
2011020,19,16,24,17,30,12,5
2011021,31,18,2,25,14,1,8
2011022,16,21,2,17,7,14,5
2011023,3,6,2,21,22,25,5
2011024,31,10,19,26,5,7,14
2011025,25,31,26,32,8,33,9
2011026,19,17,8,26,7,21,12
2011027,26,21,13,25,18,22,1
2011028,16,5,17,14,4,1,1
2011029,10,1,31,4,20,9,7
2011030,9,33,25,24,19,2,10
2011031,29,28,24,32,17,16,12
2011032,5,15,14,7,13,3,15
2011033,8,13,29,12,19,2,4
2011034,13,19,31,24,17,14,8
2011035,18,13,27,31,20,14,2
2011036,24,2,22,20,11,31,5
2011037,6,25,4,3,17,1,11
2011038,2,23,24,19,15,14,12
2011039,3,10,24,16,7,29,13
2011040,11,5,28,14,24,26,13
2011041,13,12,10,4,32,30,13
2011042,13,19,5,17,15,21,15
2011043,25,14,31,4,13,17,4
2011044,16,27,26,31,14,3,9
2011045,17,32,26,16,20,2,8
2011046,30,29,17,18,9,26,8
2011047,13,25,23,4,33,27,14
2011048,18,10,25,14,26,27,15
2011049,31,11,1,27,17,18,14
2011050,19,28,5,22,4,29,15
2011051,11,1,16,7,14,15,14
2011052,5,19,28,4,8,27,8
2011053,22,3,30,12,6,10,15
2011054,22,33,8,17,16,11,8
2011055,29,13,17,16,8,32,16
2011056,16,25,20,23,19,13,10
2011057,33,21,6,4,26,20,2
2011058,32,18,7,30,22,33,6
2011059,29,27,33,31,24,26,16
2011060,27,10,21,11,31,13,1
2011061,19,3,8,21,2,13,3
2011062,4,29,10,8,9,30,3
2011063,19,15,18,13,4,6,5
2011064,6,29,30,7,3,33,2
2011065,16,29,25,4,27,23,3
2011066,30,14,32,4,17,6,12
2011067,24,19,27,17,20,25,12
2011068,15,10,19,24,3,7,10
2011069,30,24,2,18,13,16,12
2011070,21,12,3,1,5,28,12
2011071,28,15,30,2,1,22,2
2011072,18,10,6,1,27,11,12
2011073,21,5,4,12,3,17,14
2011074,26,32,21,28,29,2,1
2011075,9,32,12,31,7,10,13
2011076,33,26,32,19,6,21,13
2011077,7,26,15,29,1,8,10
2011078,5,13,20,22,29,3,9
2011079,15,29,16,3,24,14,5
2011080,7,32,31,2,9,25,9
2011081,23,25,32,14,19,6,12
2011082,26,25,20,16,7,17,4
2011083,7,28,29,16,18,24,6
2011084,32,12,16,18,10,9,15
2011085,3,24,11,6,31,21,10
2011086,12,24,6,17,9,7,9
2011087,5,18,4,3,2,28,1
2011088,20,17,9,3,29,21,4
2011089,24,11,29,30,2,1,12
2011090,25,18,5,2,21,14,16
2011091,28,21,9,30,23,15,3
2011092,17,32,31,5,10,26,4
2011093,23,13,11,4,30,7,9
2011094,11,9,12,19,18,17,5
2011095,7,3,10,24,8,23,5
2011096,14,13,4,19,1,7,15
2011097,26,20,9,17,21,19,16
2011098,21,3,7,22,32,20,5
2011099,26,21,27,12,10,13,14
2011100,23,21,7,31,11,32,5
2011101,10,23,29,6,31,19,6
2011102,21,5,31,13,1,27,11
2011103,5,15,10,16,4,13,12
2011104,9,10,29,20,16,25,9
2011105,4,6,23,28,27,25,1
2011106,2,11,12,14,24,32,14
2011107,4,22,16,17,9,29,15
2011108,2,22,26,17,29,33,10
2011109,16,33,1,3,15,9,15
2011110,33,26,21,28,12,14,12
2011111,1,5,3,20,25,27,4
2011112,3,5,16,18,23,24,15
2011113,33,25,6,11,32,10,5
2011114,14,16,15,30,32,1,9
2011115,17,33,9,7,12,8,16
2011116,27,12,1,7,17,11,5
2011117,8,19,26,10,30,28,4
2011118,6,14,11,21,5,20,10
2011119,12,9,32,14,19,28,1
2011120,30,28,17,14,33,4,7
2011121,14,4,22,33,32,25,2
2011122,27,31,12,18,26,10,3
2011123,19,14,4,28,5,1,16
2011124,19,9,31,26,18,32,16
2011125,15,32,24,27,3,10,8
2011126,26,13,18,7,3,23,16
2011127,23,22,16,19,29,27,11
2011128,19,23,14,9,11,17,12
2011129,23,26,10,21,11,7,6
2011130,32,18,23,14,25,7,15
2011131,17,21,2,7,9,25,1
2011132,25,5,12,13,2,33,7
2011133,14,21,20,25,31,12,16
2011134,7,6,30,31,2,1,10
2011135,17,20,25,12,26,13,12
2011136,6,2,31,22,20,4,7
2011137,30,11,18,2,33,23,13
2011138,28,15,32,1,5,24,7
2011139,27,8,30,24,20,31,3
2011140,4,18,27,29,20,22,6
2011141,2,29,19,6,4,24,11
2011142,31,16,29,15,12,26,2
2011143,8,7,14,12,15,30,16
2011144,1,2,16,10,9,24,3
2011145,4,2,14,15,30,26,4
2011146,23,33,26,11,28,32,10
2011147,8,18,30,4,12,17,10
2011148,26,23,22,25,5,14,14
2011149,5,31,6,23,4,7,16
2011150,8,10,27,22,12,15,13
2011151,31,7,11,16,33,19,10
2011152,12,4,26,11,21,10,13
2011153,10,25,5,9,8,20,13
2012001,4,5,15,1,9,17,6
2012002,32,3,7,2,10,9,13
2012003,24,8,6,31,3,29,9
2012004,1,11,23,10,5,21,16
2012005,7,31,27,33,18,9,6
2012006,22,25,2,29,32,33,8
2012007,19,32,28,17,10,27,4
2012008,29,20,1,12,23,24,8
2012009,27,24,16,4,33,26,11
2012010,13,3,25,19,1,26,10
2012011,14,15,20,26,16,4,5
2012012,15,17,27,18,23,20,1
2012013,24,6,30,8,32,29,13
2012014,1,5,28,30,2,16,12
2012015,3,1,21,10,23,6,15
2012016,22,17,12,25,2,5,8
2012017,28,25,19,9,6,14,10
2012018,22,26,5,32,6,3,15
2012019,30,22,7,20,18,14,16
2012020,12,3,23,29,18,8,11
2012021,1,18,30,22,15,16,3
2012022,26,8,12,27,24,4,4
2012023,9,15,23,33,5,24,2
2012024,25,28,4,12,19,21,13
2012025,25,3,9,27,8,17,6
2012026,3,25,15,9,24,7,16
2012027,25,30,22,31,16,4,12
2012028,30,15,10,28,21,20,11
2012029,7,25,26,15,4,28,3
2012030,18,21,31,10,9,17,8
2012031,22,4,24,31,27,16,3
2012032,2,24,10,22,17,1,4
2012033,27,16,3,17,15,2,4
2012034,2,23,33,3,8,32,16
2012035,24,12,11,21,26,9,5
2012036,2,19,26,11,18,13,9
2012037,24,19,14,5,28,33,9
2012038,15,19,11,9,33,10,16
2012039,2,22,1,29,13,5,8
2012040,22,9,31,8,25,3,10
2012041,20,24,8,32,11,15,2
2012042,5,6,19,24,28,11,16
2012043,2,11,33,26,9,21,3
2012044,9,6,25,10,14,22,3
2012045,21,20,27,8,30,11,9
2012046,20,33,19,4,12,23,6
2012047,6,33,11,7,32,16,11
2012048,30,5,1,14,24,22,10
2012049,20,19,4,12,13,32,2
2012050,15,7,13,17,24,19,11
2012051,2,14,17,12,30,31,9
2012052,3,5,20,6,24,2,4
2012053,33,25,4,22,27,15,4
2012054,14,20,18,30,33,6,14
2012055,6,24,28,4,13,20,1
2012056,4,14,26,31,17,7,10
2012057,21,31,27,3,5,19,4
2012058,20,26,25,3,6,15,4
2012059,21,13,26,4,22,31,1
2012060,17,16,29,7,10,13,1
2012061,3,18,11,8,14,12,14
2012062,2,31,17,16,20,13,7
2012063,24,17,10,2,19,27,12
2012064,23,10,16,24,11,5,11
2012065,19,8,27,10,18,31,14
2012066,1,26,29,2,9,33,12
2012067,4,26,30,10,21,5,16
2012068,32,22,17,5,26,33,10
2012069,20,11,18,10,29,8,6
2012070,4,2,31,32,24,3,11
2012071,21,19,23,22,3,4,8
2012072,2,3,13,30,7,9,6
2012073,27,17,7,9,10,4,5
2012074,32,16,28,19,18,15,8
2012075,6,23,4,32,29,22,11
2012076,29,22,11,18,30,27,15
2012077,26,28,2,18,13,4,12
2012078,15,24,8,22,28,33,12
2012079,33,24,6,12,30,7,12
2012080,9,15,14,4,16,27,3
2012081,29,5,25,2,24,10,6
2012082,22,11,4,29,18,2,6
2012083,4,33,15,14,26,9,4
2012084,2,28,26,20,29,10,14
2012085,24,17,30,5,33,31,5
2012086,9,8,23,15,13,22,8
2012087,13,14,11,10,3,22,9
2012088,23,3,24,27,5,31,15
2012089,25,3,13,14,10,7,11
2012090,20,30,25,2,29,13,11
2012091,7,5,21,19,8,1,16
2012092,17,18,32,28,6,13,3
2012093,19,24,33,21,3,5,13
2012094,14,9,33,23,16,6,15
2012095,24,29,17,27,28,30,2
2012096,7,29,11,16,33,4,7
2012097,14,13,8,22,19,5,6
2012098,12,31,19,26,29,2,9
2012099,21,8,27,16,15,12,16
2012100,33,15,5,7,25,18,10
2012101,33,12,9,17,18,20,2
2012102,13,25,30,27,29,28,15
2012103,9,4,14,11,33,32,2
2012104,28,19,9,5,4,10,3
2012105,17,6,13,15,14,30,4
2012106,32,13,22,20,14,23,16
2012107,31,15,11,25,24,12,9
2012108,13,12,19,1,9,28,13
2012109,29,12,31,2,26,24,3
2012110,7,3,13,10,32,22,9
2012111,10,31,9,20,22,2,13
2012112,15,31,20,21,27,8,6
2012113,6,9,18,3,32,13,6
2012114,29,6,11,26,27,1,15
2012115,3,32,24,20,26,8,14
2012116,31,29,32,21,3,26,3
2012117,24,15,18,20,28,13,9
2012118,6,12,5,15,7,28,11
2012119,12,20,27,25,26,28,13
2012120,4,29,1,20,28,24,16
2012121,1,20,7,24,8,23,11
2012122,19,29,12,22,28,13,11
2012123,10,8,25,16,28,33,9
2012124,7,33,21,27,6,25,11
2012125,12,13,26,29,8,33,1
2012126,12,24,5,23,15,3,7
2012127,26,9,11,21,32,1,8
2012128,30,12,5,9,31,29,5
2012129,21,1,7,9,17,29,1
2012130,20,15,22,31,1,3,3
2012131,6,19,32,28,26,18,12
2012132,16,25,7,12,17,21,10
2012133,20,1,29,21,8,11,2
2012134,5,7,13,6,23,2,15
2012135,2,8,11,17,7,5,16
2012136,7,21,28,17,2,8,11
2012137,1,13,17,2,4,6,7
2012138,7,16,21,17,1,19,14
2012139,8,24,21,31,28,19,15
2012140,31,30,33,14,27,18,15
2012141,20,8,5,3,27,19,9
2012142,31,22,5,29,18,28,6
2012143,8,25,7,30,18,32,6
2012144,3,10,13,30,12,27,4
2012145,5,28,26,27,20,33,3
2012146,7,5,32,1,29,13,13
2012147,24,15,23,32,2,12,9
2012148,3,21,6,11,31,17,7
2012149,26,25,32,1,13,5,13
2012150,17,23,24,9,26,11,7
2012151,25,24,32,14,26,5,1
2012152,28,10,29,12,18,22,7
2012153,21,11,4,5,28,27,10
2012154,5,16,12,32,28,7,4
2013001,6,15,25,8,24,14,6
2013002,16,30,1,22,28,18,12
2013003,22,28,23,26,33,27,9
2013004,10,27,6,16,20,32,8
2013005,1,25,32,13,31,14,12
2013006,22,13,30,9,10,17,13
2013007,32,2,15,26,9,22,1
2013008,17,32,3,25,8,21,15
2013009,4,16,23,1,13,9,2
2013010,32,1,9,17,33,11,12
2013011,12,3,17,27,29,24,9
2013012,6,28,22,17,29,14,2
2013013,6,19,13,28,5,22,9
2013014,5,17,19,20,4,2,8
2013015,5,18,13,6,7,11,15
2013016,12,6,2,28,14,5,5
2013017,31,12,30,32,4,6,9
2013018,30,8,28,29,13,2,5
2013019,20,26,16,5,1,2,6
2013020,16,1,7,21,12,8,1
2013021,19,31,26,1,17,6,11
2013022,15,7,4,2,20,9,7
2013023,32,3,15,6,18,30,5
2013024,4,23,30,5,27,13,9
2013025,30,16,18,25,17,24,8
2013026,22,4,31,15,14,11,11
2013027,24,21,1,12,4,2,12
2013028,7,25,8,26,28,14,13
2013029,29,23,6,19,10,7,12
2013030,25,26,7,29,18,14,6
2013031,3,15,14,13,33,21,3
2013032,4,21,29,30,33,25,3
2013033,6,28,17,19,13,5,1
2013034,20,6,22,33,26,15,9
2013035,26,17,15,14,30,1,2
2013036,29,5,31,9,27,4,13
2013037,18,15,32,28,27,2,14
2013038,15,10,12,14,19,9,11
2013039,2,15,24,29,1,14,6
2013040,10,2,12,4,17,30,10
2013041,23,17,10,2,24,12,5
2013042,15,8,33,13,1,12,3
2013043,17,25,6,15,14,3,16
2013044,28,26,11,3,18,5,6
2013045,7,6,14,31,8,23,12
2013046,19,3,24,26,16,20,6
2013047,1,27,17,30,11,8,12
2013048,32,28,30,10,17,13,4
2013049,16,32,14,10,21,13,14
2013050,22,7,3,13,25,18,3
2013051,29,8,15,28,19,12,2
2013052,14,22,24,6,21,7,13
2013053,30,22,3,33,13,12,14
2013054,8,14,4,3,28,21,14
2013055,32,19,27,18,22,8,6
2013056,12,29,26,3,25,28,16
2013057,13,19,26,16,28,23,5
2013058,24,8,11,21,17,23,5
2013059,27,29,3,10,24,18,9
2013060,7,5,20,13,19,10,15
2013061,6,5,18,13,12,7,12
2013062,22,19,6,1,7,27,2
2013063,31,20,15,23,10,18,12
2013064,13,25,22,9,32,1,12
2013065,23,7,30,19,18,29,2
2013066,17,16,20,1,3,32,7
2013067,9,1,4,30,15,22,6
2013068,13,20,25,2,27,7,6
2013069,30,16,18,17,7,33,6
2013070,2,28,10,30,9,3,6
2013071,21,12,26,28,5,23,9
2013072,8,33,14,19,11,2,9
2013073,13,20,28,17,9,2,11
2013074,6,8,32,14,3,19,3
2013075,4,9,6,33,25,30,14
2013076,23,24,29,30,14,26,3
2013077,9,14,26,24,29,23,3
2013078,5,26,17,27,18,3,15
2013079,26,7,22,19,13,17,13
2013080,23,28,11,32,10,12,16
2013081,1,10,31,13,4,21,13
2013082,22,14,20,4,13,30,6
2013083,12,19,14,6,23,5,9
2013084,21,7,5,9,20,11,3
2013085,2,12,16,8,14,32,16
2013086,2,11,26,4,16,13,11
2013087,24,28,23,2,13,19,5
2013088,15,9,21,22,24,20,14
2013089,4,8,19,25,21,12,13
2013090,11,24,2,23,5,29,8
2013091,31,14,24,28,4,25,10
2013092,26,11,7,21,31,15,6
2013093,31,26,8,2,29,1,14
2013094,14,2,22,18,4,20,7
2013095,29,28,19,15,1,6,10
2013096,28,22,1,30,2,29,15
2013097,17,23,22,14,25,5,7
2013098,19,20,26,7,15,18,14
2013099,20,26,31,21,5,11,3
2013100,20,16,8,4,14,11,11
2013101,5,23,32,9,27,7,1
2013102,16,5,8,2,6,4,3
2013103,4,20,9,18,2,13,7
2013104,17,2,28,4,15,1,11
2013105,11,27,1,31,32,23,9
2013106,11,32,9,23,30,31,6
2013107,17,11,28,31,7,9,11
2013108,31,32,21,28,16,22,5
2013109,24,9,23,29,32,27,8
2013110,21,18,17,29,32,15,13
2013111,6,2,33,3,1,8,13
2013112,31,13,12,22,1,6,7
2013113,33,24,7,4,17,11,9
2013114,21,17,4,6,33,23,7
2013115,3,18,27,17,16,12,8
2013116,21,33,12,32,26,15,7
2013117,33,27,24,12,9,13,16
2013118,33,32,2,17,3,22,16
2013119,20,26,22,15,32,5,9
2013120,6,23,18,13,5,31,11
2013121,7,6,5,25,27,4,7
2013122,27,7,10,26,15,13,11
2013123,25,2,11,17,1,6,2
2013124,9,15,30,3,25,23,7
2013125,28,25,4,8,18,6,16
2013126,19,31,4,33,10,27,16
2013127,22,13,3,20,2,33,14
2013128,25,31,17,13,7,19,8
2013129,27,31,14,5,10,6,14
2013130,3,1,16,33,15,31,8
2013131,19,12,17,26,6,4,9
2013132,22,27,20,23,25,21,12
2013133,22,12,4,7,25,19,1
2013134,25,17,18,1,19,29,10
2013135,24,31,9,23,29,25,12
2013136,26,16,18,6,4,14,6
2013137,27,17,4,19,24,23,10
2013138,27,28,24,16,15,4,3
2013139,11,27,7,21,13,8,8
2013140,22,12,13,21,5,1,10
2013141,5,4,31,3,25,30,4
2013142,12,20,29,14,22,11,14
2013143,27,18,32,21,22,12,11
2013144,27,19,31,5,12,7,2
2013145,13,10,24,16,23,6,15
2013146,30,20,25,32,33,8,1
2013147,19,30,17,2,15,16,8
2013148,6,22,11,12,14,17,1
2013149,25,18,32,9,26,30,11
2013150,15,26,1,25,29,16,10
2013151,9,33,3,19,10,28,9
2013152,6,4,16,18,29,14,5
2013153,18,28,11,8,33,13,10
2013154,19,11,7,29,24,14,5
2014001,9,27,29,20,3,15,1
2014002,32,4,31,33,23,21,4
2014003,10,33,30,6,28,11,12
2014004,25,1,19,24,4,22,15
2014005,33,18,15,32,27,23,4
2014006,7,27,17,3,4,21,14
2014007,28,12,14,18,8,10,14
2014008,30,21,16,14,5,29,12
2014009,19,20,9,25,8,32,16
2014010,33,31,5,7,20,8,11
2014011,14,13,21,32,9,10,2
2014012,21,24,19,1,11,8,8
2014013,15,21,13,5,17,9,13
2014014,4,22,25,19,29,9,15
2014015,11,19,30,32,33,2,9
2014016,7,2,24,21,3,13,8
2014017,26,6,25,4,14,7,10
2014018,13,33,30,21,17,18,15
2014019,20,15,19,10,2,21,7
2014020,9,25,14,23,24,17,15
2014021,29,10,22,17,15,8,12
2014022,6,21,26,7,10,4,16
2014023,9,21,17,13,7,22,10
2014024,8,10,16,23,20,30,9
2014025,16,30,1,5,14,10,16
2014026,23,6,11,5,2,1,14
2014027,31,8,30,14,16,10,1
2014028,16,21,27,30,32,6,5
2014029,7,21,16,29,2,14,14
2014030,30,12,19,24,18,23,10
2014031,27,10,21,16,17,4,14
2014032,33,14,29,22,1,2,7
2014033,33,13,32,28,5,23,12
2014034,1,8,4,25,3,31,6
2014035,17,7,33,32,8,9,6
2014036,8,11,7,9,1,22,3
2014037,24,14,25,30,6,13,7
2014038,23,7,24,22,33,4,16
2014039,15,31,11,3,19,20,7
2014040,4,12,3,11,6,15,8
2014041,21,18,7,22,11,16,2
2014042,33,28,25,15,12,20,14
2014043,2,14,5,9,33,24,9
2014044,27,4,28,9,33,21,12
2014045,4,2,9,22,11,19,15
2014046,2,22,18,10,11,17,10
2014047,11,19,8,10,12,29,15
2014048,24,25,16,9,17,6,16
2014049,32,7,23,16,17,6,6
2014050,26,32,17,3,25,23,13
2014051,21,19,24,10,23,16,13
2014052,28,30,13,15,33,9,8
2014053,22,31,17,19,14,26,2
2014054,1,11,5,29,4,30,14
2014055,19,30,21,9,2,14,4
2014056,28,20,1,11,18,29,1
2014057,31,12,4,2,18,23,8
2014058,3,14,25,12,13,2,11
2014059,12,5,25,13,8,23,13
2014060,3,25,18,14,5,33,6
2014061,14,28,2,17,31,27,8
2014062,9,15,24,25,6,26,9
2014063,22,17,8,31,21,3,16
2014064,32,2,29,9,16,15,14
2014065,22,4,8,5,10,3,6
2014066,5,2,18,21,17,15,16
2014067,17,6,23,1,7,18,6
2014068,13,22,27,12,4,29,16
2014069,19,12,5,30,17,25,11
2014070,7,9,28,19,1,29,7
2014071,22,4,12,2,17,25,14
2014072,1,13,19,32,7,3,16
2014073,12,20,33,30,16,1,2
2014074,30,6,3,31,1,13,12
2014075,22,29,11,27,9,3,6
2014076,33,10,12,18,17,6,11
2014077,15,22,9,12,8,19,10
2014078,6,2,3,9,17,5,7
2014079,2,28,22,7,27,16,2
2014080,25,5,30,14,17,16,7
2014081,29,8,22,27,24,14,10
2014082,20,4,26,29,2,25,11
2014083,23,33,5,21,6,19,12
2014084,13,25,1,6,10,9,8
2014085,2,29,19,1,11,23,8
2014086,14,2,12,10,4,30,8
2014087,18,6,23,33,32,22,6
2014088,16,3,14,6,29,11,15
2014089,27,14,4,30,17,6,9
2014090,19,24,9,5,11,32,13
2014091,5,1,29,27,12,19,14
2014092,3,22,19,13,18,26,7
2014093,10,20,8,2,29,9,5
2014094,23,1,29,10,20,18,1
2014095,22,5,8,6,14,31,8
2014096,17,12,22,24,14,19,8
2014097,27,13,24,25,7,32,15
2014098,17,31,29,20,13,2,7
2014099,5,32,13,10,11,1,14
2014100,9,1,16,10,14,6,11
2014101,18,16,23,32,24,20,7
2014102,31,24,21,14,16,28,13
2014103,8,10,33,18,9,3,4
2014104,2,6,28,19,12,27,13
2014105,27,19,17,14,32,16,4
2014106,21,18,9,17,14,25,15
2014107,22,27,17,11,25,14,16
2014108,8,20,23,9,28,3,2
2014109,5,19,11,28,2,15,2
2014110,1,30,8,13,11,19,6
2014111,8,28,22,20,17,2,2
2014112,1,15,30,21,16,24,3
2014113,31,32,33,14,28,12,7
2014114,2,7,23,33,32,30,10
2014115,32,10,11,1,9,13,3
2014116,10,15,14,9,29,19,16
2014117,25,5,29,10,17,28,4
2014118,26,7,30,15,5,18,3
2014119,26,6,20,17,13,29,9
2014120,1,12,7,28,16,23,4
2014121,13,22,1,28,30,2,9
2014122,20,6,29,16,11,9,11
2014123,11,33,1,28,6,17,5
2014124,33,2,24,17,31,20,4
2014125,11,15,31,10,32,26,6
2014126,17,6,27,11,22,16,1
2014127,23,21,27,2,10,12,12
2014128,18,24,5,7,17,8,14
2014129,20,28,8,9,32,5,2
2014130,1,10,30,24,33,2,10
2014131,28,21,22,5,32,17,14
2014132,6,5,14,15,33,18,8
2014133,14,13,31,16,23,30,13
2014134,23,28,22,5,16,26,2
2014135,33,4,2,13,11,25,1
2014136,32,19,31,3,27,16,10
2014137,6,11,29,3,25,9,9
2014138,4,29,6,31,13,33,13
2014139,15,14,25,29,20,1,11
2014140,10,14,17,11,6,33,6
2014141,21,9,16,8,11,24,10
2014142,25,6,28,22,21,23,13
2014143,25,20,18,3,26,12,16
2014144,6,3,5,10,9,27,14
2014145,12,23,29,26,13,10,11
2014146,32,1,29,6,20,13,1
2014147,6,26,7,31,22,32,10
2014148,5,2,12,1,15,16,13
2014149,15,19,10,33,9,7,1
2014150,3,22,24,32,8,14,9
2014151,8,27,21,11,5,4,8
2014152,15,8,21,20,13,25,12
2015001,9,1,7,23,16,20,6
2015002,15,28,25,16,32,7,5
2015003,31,15,23,10,24,20,15
2015004,16,15,14,2,23,24,10
2015005,7,18,32,17,16,10,15
2015006,33,1,10,11,29,31,13
2015007,17,1,9,33,7,20,8
2015008,16,22,7,10,4,20,3
2015009,14,25,21,17,7,4,14
2015010,2,8,3,21,1,31,9
2015011,14,4,15,18,17,20,15
2015012,31,23,29,5,22,3,6
2015013,26,9,8,25,29,24,1
2015014,19,16,30,27,2,12,11
2015015,7,33,25,24,1,20,4
2015016,10,6,17,15,2,31,13
2015017,20,18,13,27,33,25,12
2015018,12,28,9,6,14,29,9
2015019,26,19,6,11,2,25,4
2015020,4,7,1,23,19,22,4
2015021,14,27,28,17,16,15,8
2015022,10,16,7,4,23,25,10
2015023,9,8,13,29,10,30,1
2015024,9,23,11,24,18,16,10
2015025,11,32,15,27,12,10,14
2015026,33,17,13,2,22,21,13
2015027,7,29,26,16,9,5,7
2015028,4,28,26,27,7,10,14
2015029,14,15,7,28,21,19,7
2015030,8,11,14,15,26,16,7
2015031,22,26,1,5,7,32,11
2015032,16,29,18,14,32,11,16
2015033,31,6,32,21,29,3,5
2015034,27,13,18,12,20,17,13
2015035,9,1,8,24,22,33,3
2015036,33,4,17,6,16,26,3
2015037,31,5,28,7,18,12,3
2015038,33,11,5,6,12,14,14
2015039,26,30,13,29,1,15,12
2015040,27,30,16,18,32,13,16
2015041,25,11,9,17,4,21,6
2015042,23,10,21,9,19,32,8
2015043,26,11,24,27,12,15,15
2015044,14,4,3,16,13,2,2
2015045,30,31,22,1,13,5,7
2015046,31,23,5,10,14,7,1
2015047,20,24,26,27,2,3,9
2015048,27,22,16,13,17,25,10
2015049,23,17,7,20,12,14,5
2015050,17,12,16,3,9,31,4
2015051,32,4,24,26,10,28,9
2015052,25,4,16,26,11,2,12
2015053,32,7,17,3,33,22,10
2015054,22,1,10,26,7,2,7
2015055,19,10,18,1,28,15,2
2015056,1,8,18,20,16,7,14
2015057,25,24,32,20,9,26,4
2015058,10,18,2,20,9,19,15
2015059,25,6,16,2,32,9,14
2015060,18,1,27,31,32,3,13
2015061,18,26,6,32,22,33,4
2015062,18,26,14,15,9,21,16
2015063,7,9,16,32,22,1,12
2015064,14,27,23,12,11,17,1
2015065,29,26,8,14,10,19,12
2015066,17,8,11,28,5,24,16
2015067,5,24,25,31,2,8,14
2015068,27,15,6,21,26,18,10
2015069,23,17,18,30,13,1,15
2015070,29,7,19,21,13,1,15
2015071,28,29,8,18,20,31,8
2015072,1,31,5,20,3,21,5
2015073,2,27,26,1,22,17,4
2015074,21,29,4,26,25,7,8
2015075,6,19,32,13,21,11,4
2015076,1,9,27,10,19,23,9
2015077,27,6,13,8,10,1,16
2015078,22,7,26,29,3,20,2
2015079,15,9,32,14,20,26,11
2015080,30,14,25,17,27,28,2
2015081,31,28,13,22,20,26,13
2015082,14,9,2,28,30,8,7
2015083,18,7,6,32,16,29,5
2015084,29,28,15,20,22,18,15
2015085,25,8,2,28,27,29,5
2015086,6,5,18,16,8,22,12
2015087,20,15,9,28,19,16,11
2015088,2,12,29,31,20,24,9
2015089,28,14,29,19,12,27,1
2015090,12,33,22,10,25,14,15
2015091,17,22,7,5,19,31,11
2015092,27,26,9,19,21,15,1
2015093,31,1,25,21,13,3,8
2015094,16,6,17,4,13,1,10
2015095,30,28,31,4,15,21,4
2015096,31,23,24,16,17,6,7
2015097,14,27,20,12,9,26,4
2015098,26,9,13,27,33,6,1
2015099,7,14,22,11,6,10,9
2015100,19,21,3,11,17,2,8
2015101,22,16,29,28,24,8,5
2015102,7,14,12,23,9,21,6
2015103,30,32,8,6,13,26,14
2015104,23,21,9,18,26,25,1
2015105,10,9,26,19,16,20,12
2015106,31,32,3,4,1,23,13
2015107,7,18,21,25,16,14,8
2015108,2,24,12,27,22,19,15
2015109,33,16,9,1,32,8,13
2015110,16,5,22,7,23,17,4
2015111,20,16,14,30,8,18,12
2015112,3,27,10,19,20,1,11
2015113,27,7,5,19,1,8,12
2015114,13,21,26,4,7,9,1
2015115,7,1,32,24,14,8,3
2015116,23,15,4,26,6,28,11
2015117,11,4,26,12,32,18,12
2015118,21,1,23,31,11,4,12
2015119,31,23,18,2,10,8,8
2015120,21,24,29,16,27,26,16
2015121,3,21,20,1,29,28,12
2015122,22,5,16,25,11,7,7
2015123,22,5,28,9,12,8,7
2015124,3,27,2,5,18,12,1
2015125,27,30,13,33,22,5,10
2015126,23,10,29,15,20,11,12
2015127,22,7,19,27,33,10,6
2015128,8,11,22,1,28,3,6
2015129,5,8,16,27,11,18,4
2015130,15,17,6,22,14,16,10
2015131,10,22,13,26,19,12,3
2015132,3,28,11,5,30,33,1
2015133,24,3,2,20,22,13,15
2015134,14,19,27,5,31,2,4
2015135,14,18,1,26,32,12,7
2015136,5,28,12,2,29,23,1
2015137,27,31,28,14,22,23,12
2015138,8,1,24,16,19,2,11
2015139,13,18,25,1,10,27,9
2015140,28,30,29,20,6,31,12
2015141,28,25,3,8,19,27,2
2015142,22,13,17,20,19,25,11
2015143,20,15,19,13,21,32,4
2015144,7,32,15,4,28,1,16
2015145,8,7,19,24,15,20,13
2015146,17,28,16,30,32,21,15
2015147,23,30,8,9,16,24,5
2015148,14,9,27,26,13,22,7
2015149,9,21,33,10,22,20,9
2015150,8,1,3,31,11,29,13
2015151,32,5,6,31,23,8,11
2015152,18,32,11,19,21,29,12
2015153,11,15,27,8,29,22,3
2015154,25,11,18,7,15,9,7
2016001,18,22,20,16,13,6,13
2016002,9,14,30,17,24,20,16
2016003,10,14,26,28,23,1,1
2016004,8,22,10,17,25,33,12
2016005,20,31,11,14,18,33,14
2016006,31,16,28,18,20,13,12
2016007,12,20,14,27,29,5,6
2016008,29,33,15,2,32,24,2
2016009,27,14,24,25,32,10,4
2016010,12,14,2,4,25,19,6
2016011,22,29,10,3,8,15,12
2016012,32,12,16,7,14,27,15
2016013,21,22,31,7,26,12,1
2016014,2,10,27,20,8,18,7
2016015,26,22,25,14,1,2,7
2016016,22,20,1,25,26,24,16
2016017,20,8,30,5,22,6,5
2016018,14,17,13,21,25,12,4
2016019,6,17,13,16,30,23,10
2016020,1,12,22,10,2,24,10
2016021,13,11,22,26,24,9,5
2016022,23,22,30,19,4,9,7
2016023,3,29,25,6,10,19,7
2016024,2,5,7,31,14,18,13
2016025,11,4,30,12,24,17,12
2016026,30,9,12,4,28,33,1
2016027,11,15,13,17,19,31,5
2016028,25,29,21,12,6,8,1
2016029,18,20,21,27,12,15,15
2016030,22,14,19,25,10,29,12
2016031,3,10,19,8,33,26,3
2016032,14,15,8,27,21,12,15
2016033,6,17,20,18,29,27,15
2016034,15,28,21,22,3,23,15
2016035,19,29,13,4,26,20,11
2016036,20,22,4,7,3,9,3
2016037,31,33,32,6,15,26,16
2016038,12,22,13,29,3,28,3
2016039,7,1,19,18,27,3,16
2016040,23,19,20,3,13,26,3
2016041,18,21,12,22,24,17,4
2016042,17,31,7,23,26,14,9
2016043,30,26,20,33,5,14,12
2016044,10,30,3,12,18,1,1
2016045,4,32,17,9,30,12,3
2016046,30,25,20,26,7,27,14
2016047,5,8,22,2,17,15,16
2016048,15,8,13,14,3,30,4
2016049,8,13,6,14,22,27,10
2016050,28,29,9,24,12,30,2
2016051,33,9,15,1,4,2,12
2016052,13,28,19,1,24,6,16
2016053,8,31,29,10,12,2,1
2016054,16,11,28,19,32,6,4
2016055,16,10,22,26,5,6,11
2016056,18,11,3,16,4,8,14
2016057,26,19,23,22,12,7,11
2016058,18,3,5,20,24,32,11
2016059,28,4,25,20,11,12,15
2016060,5,22,29,4,26,32,8
2016061,5,20,6,32,18,8,8
2016062,19,21,12,18,13,15,9
2016063,28,18,17,23,32,16,7
2016064,26,12,19,17,3,14,3
2016065,13,26,16,27,22,25,14
2016066,13,7,20,3,18,19,5
2016067,9,18,31,13,27,20,4
2016068,28,19,8,23,31,32,1
2016069,11,21,27,20,10,8,11
2016070,6,3,11,29,23,18,1
2016071,29,28,21,26,19,32,1
2016072,25,19,5,16,24,22,2
2016073,12,11,16,9,15,20,13
2016074,11,10,12,6,20,25,12
2016075,29,6,16,1,3,32,7
2016076,8,22,30,32,13,7,1
2016077,29,19,17,9,20,1,10
2016078,4,2,29,23,26,8,2
2016079,10,12,24,28,1,3,2
2016080,17,24,25,16,32,1,14
2016081,15,2,30,25,32,6,7
2016082,20,15,12,17,6,14,9
2016083,30,9,17,31,16,24,4
2016084,24,2,18,12,4,26,5
2016085,25,12,19,20,21,1,16
2016086,12,10,32,11,15,9,5
2016087,14,11,10,3,2,21,12
2016088,14,33,25,3,16,18,15
2016089,31,1,14,30,32,3,8
2016090,26,2,21,20,13,17,7
2016091,22,14,4,23,28,8,7
2016092,2,23,13,24,29,15,6
2016093,6,25,17,9,27,15,9
2016094,7,6,31,18,10,12,10
2016095,12,1,9,18,5,32,12
2016096,6,14,21,22,24,13,16
2016097,28,13,25,26,31,6,1
2016098,2,32,8,29,25,31,6
2016099,1,11,33,21,27,23,6
2016100,23,3,10,22,29,27,4
2016101,33,24,19,3,32,1,1
2016102,10,30,5,14,8,17,13
2016103,27,13,24,19,1,5,11
2016104,9,18,30,11,31,5,4
2016105,8,27,28,31,19,10,16
2016106,13,4,30,22,5,25,4
2016107,11,26,32,18,27,6,1
2016108,3,7,26,19,2,8,16
2016109,11,16,15,33,9,27,5
2016110,32,28,5,31,7,33,8
2016111,15,14,4,32,7,2,4
2016112,15,12,25,6,18,14,12
2016113,11,26,1,16,17,20,14
2016114,16,22,29,5,20,27,9
2016115,22,27,20,26,8,6,9
2016116,20,7,27,23,18,31,13
2016117,17,14,10,28,33,3,2
2016118,14,33,31,23,9,22,14
2016119,9,32,30,21,19,31,4
2016120,6,21,28,25,2,5,9
2016121,28,23,2,10,25,3,9
2016122,15,28,23,29,22,24,8
2016123,9,20,12,27,14,7,16
2016124,32,21,9,15,27,24,10
2016125,1,8,6,30,20,27,3
2016126,12,18,6,2,19,17,10
2016127,17,12,7,29,31,26,16
2016128,11,9,27,26,4,17,13
2016129,33,6,8,31,5,21,14
2016130,23,17,27,21,3,28,1
2016131,19,18,25,27,10,4,2
2016132,28,5,8,19,27,13,7
2016133,15,22,21,27,33,16,15
2016134,33,18,13,11,12,14,13
2016135,33,20,2,8,18,10,12
2016136,10,27,2,29,20,7,3
2016137,32,15,10,6,1,9,14
2016138,7,20,24,30,25,16,7
2016139,28,19,26,30,6,1,3
2016140,32,26,2,17,1,5,10
2016141,24,21,4,17,13,15,15
2016142,21,30,10,23,1,17,12
2016143,9,6,24,23,25,33,13
2016144,27,10,4,12,33,32,5
2016145,1,3,7,12,19,20,6
2016146,3,15,17,7,16,23,10
2016147,14,28,31,32,18,4,12
2016148,20,1,26,11,30,2,14
2016149,32,26,23,20,3,33,7
2016150,21,4,9,2,5,13,5
2016151,11,6,20,22,16,33,7
2016152,8,9,20,22,16,2,7
2016153,9,16,25,7,29,24,6
2017001,26,9,20,25,14,11,15
2017002,24,32,23,19,25,15,3
2017003,1,27,15,32,8,4,16
2017004,30,27,5,17,13,26,7
2017005,11,12,23,6,30,22,5
2017006,26,29,4,2,8,33,8
2017007,26,33,2,4,24,5,15
2017008,28,13,15,7,29,27,13
2017009,2,8,29,9,15,6,14
2017010,28,5,30,25,8,19,7
2017011,26,10,29,23,12,11,16
2017012,11,16,24,10,15,14,7
2017013,28,31,33,8,11,29,6
2017014,18,6,20,31,23,8,13
2017015,8,1,32,9,17,14,1
2017016,8,29,27,5,16,22,2
2017017,10,3,8,7,22,23,12
2017018,1,31,25,2,17,3,9
2017019,25,4,12,6,23,8,8
2017020,31,12,4,8,33,10,10
2017021,5,10,33,2,22,32,9
2017022,16,18,6,15,2,32,15
2017023,3,4,22,18,1,11,14
2017024,25,21,9,29,31,26,13
2017025,15,2,22,17,16,32,7
2017026,30,19,10,3,12,27,8
2017027,11,30,27,2,14,4,5
2017028,7,8,12,30,13,22,9
2017029,25,23,30,2,15,21,10
2017030,9,23,30,7,1,20,2
2017031,26,10,6,27,29,16,3
2017032,24,27,31,15,5,8,11
2017033,30,23,5,7,15,20,15
2017034,19,32,4,8,33,7,13
2017035,28,1,32,6,24,14,12
2017036,10,24,2,27,1,5,15
2017037,25,11,30,20,22,15,5
2017038,1,4,13,8,24,27,5
2017039,2,12,4,17,24,14,15
2017040,33,28,19,23,29,15,4
2017041,13,27,22,4,15,10,4
2017042,23,2,7,4,10,1,4
2017043,8,13,23,16,27,31,8
2017044,8,31,16,19,32,21,6
2017045,16,25,7,21,5,20,5
2017046,4,13,26,32,23,14,10
2017047,33,10,8,32,5,2,2
2017048,9,14,15,19,5,8,7
2017049,14,8,15,29,1,20,10
2017050,27,12,20,29,10,24,7
2017051,9,15,24,2,5,25,11
2017052,31,8,18,24,7,29,7
2017053,15,4,9,31,29,11,6
2017054,9,2,33,28,23,3,8
2017055,12,24,13,20,31,7,5
2017056,13,21,14,18,19,28,6
2017057,18,31,30,20,22,23,16
2017058,1,9,28,22,32,13,11
2017059,15,25,9,19,8,4,9
2017060,26,10,13,24,5,31,4
2017061,6,20,12,26,7,27,11
2017062,26,31,22,24,7,1,10
2017063,12,25,22,31,20,16,4
2017064,16,10,24,2,28,22,15
2017065,2,8,10,12,5,21,7
2017066,26,1,4,17,6,19,3
2017067,1,29,3,10,4,18,4
2017068,2,30,22,10,31,6,15
2017069,11,31,2,29,23,12,5
2017070,25,1,22,6,14,26,12
2017071,2,31,3,32,6,14,3
2017072,23,11,26,30,6,14,2
2017073,6,16,3,23,26,30,14
2017074,6,23,16,31,30,2,2
2017075,19,1,6,3,29,21,7
2017076,4,1,8,15,14,9,13
2017077,22,17,2,1,4,15,14
2017078,18,24,22,7,5,19,16
2017079,3,27,23,14,7,25,8
2017080,24,12,16,1,22,20,8
2017081,3,14,5,30,26,25,5
2017082,14,21,18,28,29,25,10
2017083,8,14,24,20,3,26,12
2017084,11,5,1,22,24,20,2
2017085,1,25,30,6,5,16,9
2017086,5,6,13,3,22,20,7
2017087,28,3,19,14,13,6,6
2017088,22,18,7,29,23,9,6
2017089,16,11,12,13,23,25,12
2017090,33,16,22,10,1,7,9
2017091,7,10,28,5,23,29,3
2017092,29,10,33,18,19,32,9
2017093,22,7,27,9,15,8,12
2017094,31,28,8,11,19,13,6
2017095,22,9,19,12,29,10,16
2017096,12,19,2,6,29,11,6
2017097,18,10,30,31,19,5,3
2017098,4,27,22,30,33,19,1
2017099,6,5,16,28,29,2,4
2017100,23,4,7,18,24,8,2
2017101,11,28,1,32,4,31,16
2017102,10,14,4,20,18,8,11
2017103,25,31,33,1,21,23,1
